{
	"GOOGLE_MAPS_KEY": "AIzaSyD-YafiC3rBAGvnRjc6NRYPTRYhpxN9uWs",
	"center": {"baltimore": [39.292083, -76.559678],
			"chicago": [41.8781136, -87.6298],
			"new_york": [40.789063, -73.710931]}
}